{"slope": 5.912886205097059e-05, "intercept": 6.763489480198953}